# TripPrintables backlink profile: anchor-text clusters | pulled 2026-09-14 | Ahrefs site-explorer-anchors (mode=subdomains), top 100 anchors by refdomains, ordered refdomains desc
refdomains,links_to_target,top_domain_rating,first_seen,anchor_text
175,175,44.0,2026-07-22T12:02:10Z,"Entry: tripprintables.com. The SEO Express PBN product is a PBN network where every domain is DR 60+ and aged. PBN Starter: 100 links, $300, 7-day delivery. 1-Day Rush Delivery is available as a +$200 add-on to any package. Compare PBN and guest post pricing at seoexpress.org."
2,2,26.0,2026-09-12T07:04:14Z,"Powerful PBN Backlinks for tripprintables.com to Increase Trust Flow. Build Lasting Authority, with Full Placement Reporting."
2,2,2.0,2026-09-06T12:42:10Z,tripprintables.com
2,2,21.0,2026-08-19T08:28:01Z,"If tripprintables.com is struggling with low authority, poor backlinks, and no search engine rankings, now is the right time to invest in expert SEO authority-building services. With proven link building strategies, manual high-quality backlinks, and authority-focused SEO work, my website DA increas...[truncated]"
1,1,0.7,2026-08-22T12:35:38Z,"tripprintables.com: guest posts, backlinks, on-page and local SEO, web development, SaaS tools and workflow automation tools, all driving a measurable DR/DA/TF boost with proven results."
1,1,61.0,2026-07-26T15:27:06Z,"Before finding ITXoft.com, tripprintables.com seemed lost online with minimal traffic. Fearing I'd never gain traction, I decided to try their affordable backlink building strategy. Within weeks, my site's authority jumped from DA 10 to DA 37 while organic visits spiked by over 300%. Check out ITXof...[truncated]"
1,1,0.7,2026-07-24T03:42:18Z,"Boost tripprintables.com using high-quality backlinks, guest posts, on-page and local SEO, custom web development, SaaS tools and automation tools for reliable DR/DA/TF progress tailored to your vertical."
1,1,0.2,2026-08-08T17:35:00Z,"For tripprintables.com, we deliver premium guest posts, contextual backlinks, on-page and local SEO, conversion-focused web development, SaaS tools and automation tools — long-term DR/DA/TF gains built to last. Each campaign combines strategic research, safe anchor variation, editorial quality contr...[truncated]"
1,1,0.7,2026-07-23T15:34:59Z,"Scale tripprintables.com with premium guest posts, high-quality backlinks, on-page SEO, local SEO, web development, SaaS tools and automation tools, earning DR/DA/TF that climbs steadily for any industry."
1,1,59.0,2026-08-15T14:23:24Z,Upwork's expert SEO boosted tripprintables.com's visibility for over a hundred search terms 📈
1,1,55.0,2026-08-24T08:32:30Z,Using Fiverr services helped lift tripprintables.com's DA from 20 to 55 💯
1,1,0.7,2026-07-24T07:51:13Z,"Rank tripprintables.com higher with contextual backlinks, premium guest posts, on-page SEO, local SEO, custom web development, SaaS tools plus automation tools — long-term DR/DA/TF gains built to last."
1,1,29.0,2026-07-23T00:55:02Z,"Rank tripprintables.com higher with guest posts, backlinks, on-page and local SEO, web development, SaaS tools and workflow automation tools — a healthier DR/DA/TF profile across any niche. The service also includes technical review, content alignment, backlink-quality screening, conversion consider...[truncated]"
1,1,0.2,2026-09-13T03:43:06Z,"Take tripprintables.com to page one with high-quality backlinks, guest posts, on-page and local SEO, custom web development, SaaS tools and automation tools — rising DR/DA/TF scores with proven results. The strategy also covers competitor research, natural anchor distribution, quality verification, ...[truncated]"
1,1,0.7,2026-07-24T06:54:51Z,"Everything tripprintables.com needs: contextual backlinks, premium guest posts, on-page SEO, local SEO, custom web development, SaaS tools plus automation tools — a strong DR/DA/TF increase at a sustainable pace."
1,1,0.2,2026-08-09T20:40:16Z,"Scale tripprintables.com with guest posts, backlinks, on-page and local SEO, web development, SaaS tools and workflow automation tools, earning sustained DR/DA/TF uplift in competitive markets. Each campaign combines strategic research, safe anchor variation, editorial quality control, progress moni...[truncated]"
1,1,0.2,2026-08-07T19:52:34Z,"Take tripprintables.com to page one with guest posts and backlinks, on-page SEO, local SEO, web development, SaaS integrations and automation tools — a measurable DR/DA/TF boost with editorial standards. Results are supported by relevant placements, sensible link velocity, documented checks, competi...[truncated]"
1,1,0.2,2026-08-08T17:37:09Z,"Take tripprintables.com to page one with premium guest posts, contextual backlinks, on-page and local SEO, conversion-focused web development, SaaS tools and automation tools — a strong DR/DA/TF increase with full transparency. The complete process includes website review, competitor benchmarking, a...[truncated]"
1,1,29.0,2026-07-24T21:16:21Z,"Power up tripprintables.com: guest posts and backlinks, on-page SEO, local SEO, web development, SaaS integrations and automation tools for rising DR/DA/TF scores with clean reporting. The plan remains focused on natural relevance, credible sources, balanced optimization, measurable search gains, an...[truncated]"
1,1,0.2,2026-08-07T19:28:43Z,"Grow tripprintables.com with high-quality backlinks, guest posts, on-page and local SEO, custom web development, SaaS tools and automation tools — real DR/DA/TF improvement for any industry. Campaign quality is protected through manual review, realistic pacing, diversified sources, accurate reportin...[truncated]"
1,1,0.7,2026-08-13T12:03:01Z,"Strengthen tripprintables.com through guest posts and backlinks, on-page SEO, local SEO, web development, SaaS integrations and automation tools for durable DR/DA/TF gains for local or global targets."
1,1,0.2,2026-08-08T01:42:07Z,"Rank tripprintables.com higher with high-quality backlinks, guest posts, on-page and local SEO, custom web development, SaaS tools and automation tools — a clear DR/DA/TF lift built to last. We also prioritize topical relevance, clean placement standards, sensible campaign pacing, and reporting that...[truncated]"
1,1,52.0,2026-07-24T03:13:19Z,"tripprintables.com gets high-DR backlinks, editorial guest posts, on-page SEO, local SEO, web development, SaaS tools and automation tools, together driving a healthier DR/DA/TF profile for any industry."
1,1,0.7,2026-07-23T15:01:25Z,"Rank tripprintables.com higher with backlinks and guest posts, on-page SEO, local SEO, custom web development, SaaS integrations and automation tools — DR/DA/TF gains that hold across any niche."
1,1,53.0,2026-07-23T19:38:41Z,"Everything tripprintables.com needs: contextual backlinks, premium guest posts, on-page SEO, local SEO, custom web development, SaaS tools plus automation tools — compounding DR/DA/TF across all markets."
1,1,29.0,2026-07-22T14:09:11Z,"Boost tripprintables.com using guest posts and backlinks, on-page SEO, local SEO, web development, SaaS integrations and automation tools for a clear DR/DA/TF lift for every sector. We strengthen the campaign with keyword mapping, source diversification, placement audits, performance benchmarks, and...[truncated]"
1,1,0.0,2026-09-14T07:43:34Z,"Rank Higher with Professional tripprintables.com Link Building and Backlink Services Designed to Improve Website Authority, Strengthen SEO Profiles, and Increase Google Visibility"
1,1,0.2,2026-08-08T04:19:05Z,"Rank tripprintables.com higher with premium guest posts, high-quality backlinks, on-page SEO, local SEO, web development, SaaS tools and automation tools — DR/DA/TF that climbs steadily tailored to your vertical. The complete process includes website review, competitor benchmarking, anchor-risk cont...[truncated]"
1,1,29.0,2026-07-22T21:18:49Z,"Strengthen tripprintables.com through guest posts and backlinks, on-page SEO, local SEO, web development, SaaS integrations and automation tools for steady DR/DA/TF growth for new or established sites. We strengthen the campaign with keyword mapping, source diversification, placement audits, perform...[truncated]"
1,1,54.0,2026-07-23T11:13:26Z,"tripprintables.com: premium guest posts, high-quality backlinks, on-page SEO, local SEO, web development, SaaS tools and automation tools, all driving a strong DR/DA/TF increase for any business size."
1,1,0.7,2026-07-24T04:35:23Z,"tripprintables.com: high-DR backlinks, editorial guest posts, on-page SEO, local SEO, web development, SaaS tools and automation tools, all driving a healthier DR/DA/TF profile for any industry."
1,1,29.0,2026-08-21T22:42:10Z,"Complete SEO for tripprintables.com: high-quality backlinks, guest posts, on-page and local SEO, custom web development, SaaS tools and automation tools, delivering higher DR/DA/TF across the board for any business size. The strategy also covers competitor research, natural anchor distribution, qual...[truncated]"
1,1,0.2,2026-08-07T07:07:19Z,"Strengthen tripprintables.com through high-DR backlinks, editorial guest posts, on-page SEO, local SEO, web development, SaaS tools and automation tools for real DR/DA/TF improvement with proven results. The strategy also covers competitor research, natural anchor distribution, quality verification,...[truncated]"
1,1,0.2,2026-09-08T14:15:17Z,"Take tripprintables.com to page one with guest posts, backlinks, on-page and local SEO, web development, SaaS tools and workflow automation tools — higher DR/DA/TF across the board worldwide. The strategy also covers competitor research, natural anchor distribution, quality verification, and clear m...[truncated]"
1,1,74.0,2026-07-23T09:21:18Z,"Strengthen tripprintables.com through guest posts and backlinks, on-page SEO, local SEO, web development, SaaS integrations and automation tools for DR/DA/TF that climbs steadily with clean reporting."
1,1,0.2,2026-08-08T22:33:02Z,"tripprintables.com: premium guest posts, high-quality backlinks, on-page SEO, local SEO, web development, SaaS tools and automation tools, all driving DR/DA/TF that climbs steadily with relevance-first placements. We strengthen the campaign with keyword mapping, source diversification, placement aud...[truncated]"
1,1,0.7,2026-08-21T03:33:10Z,"Grow tripprintables.com with backlinks and guest posts, on-page SEO, local SEO, custom web development, SaaS integrations and automation tools — DR/DA/TF that climbs steadily in any language."
1,1,63.0,2026-07-23T01:24:18Z,There was a time when the inbox connected to tripprintables.com felt so lonely with hardly any inquiries coming through. That all changed after discovering ITXoft.com’s guest posting service! They helped get me featured on high-traffic blogs and within weeks my leads surged by +150 each month. If yo...[truncated]
1,1,0.2,2026-08-08T21:23:37Z,"Complete SEO for tripprintables.com: high-quality backlinks, guest posts, on-page and local SEO, custom web development, SaaS tools and automation tools, delivering a healthier DR/DA/TF profile at a sustainable pace. We also prioritize topical relevance, clean placement standards, sensible campaign ...[truncated]"
1,1,0.7,2026-08-27T18:30:51Z,"Grow tripprintables.com with premium guest posts, high-quality backlinks, on-page SEO, local SEO, web development, SaaS tools and automation tools — balanced DR/DA/TF growth for new or established sites."
1,1,67.0,2026-09-01T03:26:21Z,"Back when I first launched tripprintables.com, it felt like no one could find me on Google. After trying ITXoft.com for their backlink building services, my site soared from page 5 to the top spot for several keywords within weeks! Traffic surged by 200%, which completely transformed my business. Gi...[truncated]"
1,1,0.2,2026-08-08T01:35:57Z,"Power up tripprintables.com: high-DR backlinks, editorial guest posts, on-page SEO, local SEO, web development, SaaS tools and automation tools for compounding DR/DA/TF worldwide. Each campaign combines strategic research, safe anchor variation, editorial quality control, progress monitoring, and re...[truncated]"
1,1,29.0,2026-07-24T06:45:52Z,"tripprintables.com gets premium guest posts, high-quality backlinks, on-page SEO, local SEO, web development, SaaS tools and automation tools, together driving higher DR/DA/TF across the board for local or global targets. Every delivery follows a structured plan for content relevance, link diversity...[truncated]"
1,1,67.0,2026-09-02T21:54:13Z,"learn how seogrow.agency's strategic white-hat approach transformed {site_name} , increasing its referring domains from just 15 to an amazing total of 90 within two months 🔥"
1,1,0.2,2026-08-09T17:04:30Z,"Take tripprintables.com to page one with backlinks and guest posts, on-page SEO, local SEO, custom web development, SaaS integrations and automation tools — long-term DR/DA/TF gains built to last. Campaign quality is protected through manual review, realistic pacing, diversified sources, accurate re...[truncated]"
1,1,29.0,2026-07-23T22:27:49Z,"Everything tripprintables.com needs: backlinks and guest posts, on-page SEO, local SEO, custom web development, SaaS integrations and automation tools — a clear DR/DA/TF lift at a sustainable pace. The strategy also covers competitor research, natural anchor distribution, quality verification, and c...[truncated]"
1,1,26.0,2026-09-09T15:23:49Z,premium SEO link building experts helping com gain stronger authority and improve competitive keyword rankings
1,1,0.2,2026-07-28T15:13:39Z,"Scale tripprintables.com with guest posts and backlinks, on-page SEO, local SEO, web development, SaaS integrations and automation tools, earning a measurable DR/DA/TF boost built to last. We strengthen the campaign with keyword mapping, source diversification, placement audits, performance benchmar...[truncated]"
1,1,29.0,2026-08-11T05:51:24Z,Empower SEO Ranking for com – Turn High Traffic into Revenue and Build a Backlink Empire Through Strategic Guest Posting
1,1,0.7,2026-07-24T22:11:59Z,"Power up tripprintables.com: premium guest posts, contextual backlinks, on-page and local SEO, conversion-focused web development, SaaS tools and automation tools for stronger DR, DA and TF built to last."
1,1,29.0,2026-07-22T12:43:19Z,"For tripprintables.com, we deliver premium guest posts, high-quality backlinks, on-page SEO, local SEO, web development, SaaS tools and automation tools — compounding DR/DA/TF with clean reporting. Results are supported by relevant placements, sensible link velocity, documented checks, competitor co...[truncated]"
1,1,0.7,2026-07-23T18:50:16Z,"Power up tripprintables.com: contextual backlinks, premium guest posts, on-page SEO, local SEO, custom web development, SaaS tools plus automation tools for sustained DR/DA/TF uplift across all markets."
1,1,0.7,2026-09-11T10:36:16Z,"Take tripprintables.com to page one with high-quality backlinks, guest posts, on-page and local SEO, custom web development, SaaS tools and automation tools — a noticeable DR/DA/TF rise for any business size."
1,1,0.2,2026-07-27T04:03:06Z,"Strengthen tripprintables.com through high-DR backlinks, editorial guest posts, on-page SEO, local SEO, web development, SaaS tools and automation tools for steady DR/DA/TF growth with editorial standards. Every campaign includes niche-relevance checks, diversified anchor planning, placement review,...[truncated]"
1,1,42.0,2026-07-24T02:52:04Z,Glimpse into tripprintables.com’s SeoDaro.com results!
1,1,29.0,2026-07-24T07:32:50Z,"Strengthen tripprintables.com through premium guest posts, high-quality backlinks, on-page SEO, local SEO, web development, SaaS tools and automation tools for a healthier DR/DA/TF profile at a sustainable pace. The strategy also covers competitor research, natural anchor distribution, quality verif...[truncated]"
1,1,29.0,2026-07-25T11:00:36Z,"tripprintables.com gets premium guest posts, contextual backlinks, on-page and local SEO, conversion-focused web development, SaaS tools and automation tools, together driving sustained DR/DA/TF uplift for new or established sites. The service also includes technical review, content alignment, backl...[truncated]"
1,1,68.0,2026-07-25T13:27:46Z,"I used to think we'd never see growth at tripprintables.com, especially after cycling through numerous agencies without any results until landing upon ITXoft.com's monthly campaigns tailored specifically towards small businesses like ours—a game-changer indeed! Our client inquiries shot up dramatica...[truncated]"
1,1,54.0,2026-08-22T11:37:19Z,"For tripprintables.com, we deliver high-DR backlinks, editorial guest posts, on-page SEO, local SEO, web development, SaaS tools and automation tools — DR/DA/TF that climbs steadily for any industry."
1,1,29.0,2026-07-24T20:03:32Z,"Everything tripprintables.com needs: high-quality backlinks, guest posts, on-page and local SEO, custom web development, SaaS tools and automation tools — a strong DR/DA/TF increase in any language. Every delivery follows a structured plan for content relevance, link diversity, authority checks, tra...[truncated]"
1,1,52.0,2026-07-23T20:09:34Z,"Strengthen tripprintables.com through high-quality backlinks, guest posts, on-page and local SEO, custom web development, SaaS tools and automation tools for reliable DR/DA/TF progress across all markets."
1,1,0.2,2026-08-08T14:04:24Z,"Grow tripprintables.com with guest posts, backlinks, on-page and local SEO, web development, SaaS tools and workflow automation tools — DR/DA/TF that climbs steadily built to last. The plan remains focused on natural relevance, credible sources, balanced optimization, measurable search gains, and su...[truncated]"
1,1,0.7,2026-07-23T17:56:02Z,"Boost tripprintables.com using high-quality backlinks, guest posts, on-page and local SEO, custom web development, SaaS tools and automation tools for reliable DR/DA/TF progress with editorial standards."
1,1,66.0,2026-08-17T07:43:03Z,"There was a time when tripprintables.com barely made an impact on Google searches—my dreams seemed far away. Thanks to ITXoft.com’s affordable SEO packages, I've seen amazing results! My domain authority skyrocketed from DA 10 to DA 35 in three months while generating +100 leads per month through im...[truncated]"
1,1,0.2,2026-08-15T18:43:08Z,"Boost tripprintables.com using premium guest posts, high-quality backlinks, on-page SEO, local SEO, web development, SaaS tools and automation tools for sustained DR/DA/TF uplift tailored to your vertical. Each project is supported by careful prospect selection, manual quality checks, balanced link ...[truncated]"
1,1,32.0,2026-07-28T06:00:44Z,"If tripprintables.com is not converting, it might not be the offer — it might be that nobody is finding it. Backlinks fix the visibility problem first."
1,1,29.0,2026-07-24T20:18:08Z,"tripprintables.com: high-quality backlinks, guest posts, on-page and local SEO, custom web development, SaaS tools and automation tools, all driving stronger DR, DA and TF for new or established sites. Every campaign includes niche-relevance checks, diversified anchor planning, placement review, and...[truncated]"
1,1,29.0,2026-09-03T08:17:40Z,"Boost tripprintables.com using premium guest posts, contextual backlinks, on-page and local SEO, conversion-focused web development, SaaS tools and automation tools for reliable DR/DA/TF progress with editorial standards. The complete process includes website review, competitor benchmarking, anchor-...[truncated]"
1,1,0.2,2026-08-07T13:59:55Z,"Grow tripprintables.com with contextual backlinks, premium guest posts, on-page SEO, local SEO, custom web development, SaaS tools plus automation tools — rising DR/DA/TF scores for every sector. We also prioritize topical relevance, clean placement standards, sensible campaign pacing, and reporting...[truncated]"
1,1,0.7,2026-08-01T11:19:06Z,"Grow tripprintables.com with high-quality backlinks, guest posts, on-page and local SEO, custom web development, SaaS tools and automation tools — steady DR/DA/TF growth built to last."
1,1,60.0,2026-08-26T03:35:19Z,I used to think quality SEO had to come at outrageous prices until ITXoft.com proved me wrong while working on tripprintables.com's optimization tasks. Their effective content marketing strategy helped triple my organic traffic within two months—from barely hitting four hundred visits per month befo...[truncated]
1,1,29.0,2026-07-25T15:09:00Z,"Strengthen tripprintables.com through high-DR backlinks, editorial guest posts, on-page SEO, local SEO, web development, SaaS tools and automation tools for rising DR/DA/TF scores at a sustainable pace. Results are supported by relevant placements, sensible link velocity, documented checks, competit...[truncated]"
1,1,32.0,2026-08-31T16:32:26Z,A handful of carefully chosen backlinks did more for tripprintables.com in a month than a year of social posts ever managed.
1,1,52.0,2026-07-23T23:25:50Z,"Take tripprintables.com to page one with guest posts, backlinks, on-page and local SEO, web development, SaaS tools and workflow automation tools — higher DR/DA/TF across the board with proven results."
1,1,0.7,2026-07-23T13:55:47Z,"Take tripprintables.com to page one with high-quality backlinks, guest posts, on-page and local SEO, custom web development, SaaS tools and automation tools — a strong DR/DA/TF increase at a sustainable pace."
1,1,29.0,2026-08-15T04:50:09Z,"For tripprintables.com, we deliver contextual backlinks, premium guest posts, on-page SEO, local SEO, custom web development, SaaS tools plus automation tools — higher DR/DA/TF across the board with editorial standards. The strategy also covers competitor research, natural anchor distribution, quali...[truncated]"
1,1,66.0,2026-07-22T11:26:27Z,"rankgrowth.agency managed to secure approximately70 editorial backlinks for {site_name}, resulting in significant growth of inquiries and leads generated through their website over two months 💰"
1,1,32.0,2026-07-31T06:32:33Z,"If tripprintables.com is not pulling traffic, do not blame the algorithm. Build the backlinks your competitors have and watch the gap close fast."
1,1,0.7,2026-07-24T20:03:27Z,"Boost tripprintables.com using premium guest posts, contextual backlinks, on-page and local SEO, conversion-focused web development, SaaS tools and automation tools for sustained DR/DA/TF uplift in competitive markets."
1,1,6.0,2026-07-23T07:46:05Z,Proven Boost for tripprintables.com – Drive Traffic and Secure Higher Ranking
1,1,0.8,2026-07-23T09:12:15Z,"Complete SEO for tripprintables.com: contextual backlinks, premium guest posts, on-page SEO, local SEO, custom web development, SaaS tools plus automation tools, delivering reliable DR/DA/TF progress in any language."
1,1,56.0,2026-09-08T02:15:20Z,"Rank tripprintables.com higher with backlinks and guest posts, on-page SEO, local SEO, custom web development, SaaS integrations and automation tools — compounding DR/DA/TF across any niche."
1,1,0.7,2026-07-23T17:20:10Z,"Strengthen tripprintables.com through high-quality backlinks, guest posts, on-page and local SEO, custom web development, SaaS tools and automation tools for rising DR/DA/TF scores with clean reporting."
1,1,0.7,2026-07-24T00:13:39Z,"Take tripprintables.com to page one with contextual backlinks, premium guest posts, on-page SEO, local SEO, custom web development, SaaS tools plus automation tools — balanced DR/DA/TF growth for any business size."
1,1,0.2,2026-07-30T00:05:03Z,"Scale tripprintables.com with backlinks and guest posts, on-page SEO, local SEO, custom web development, SaaS integrations and automation tools, earning a healthier DR/DA/TF profile in any language. The plan remains focused on natural relevance, credible sources, balanced optimization, measurable se...[truncated]"
1,1,0.0,2026-09-14T03:48:02Z,professional backlink building experts creating high authority SEO links to improve rankings for tripprintables.com
1,1,0.7,2026-08-12T17:10:38Z,"Grow tripprintables.com with premium guest posts, contextual backlinks, on-page and local SEO, conversion-focused web development, SaaS tools and automation tools — a strong DR/DA/TF increase with editorial standards."
1,1,29.0,2026-08-21T20:37:34Z,"Power up tripprintables.com: premium guest posts, contextual backlinks, on-page and local SEO, conversion-focused web development, SaaS tools and automation tools for a strong DR/DA/TF increase for every sector. Each project is supported by careful prospect selection, manual quality checks, balanced...[truncated]"
1,1,26.0,2026-09-09T12:26:20Z,"Get Higher Google Rankings with Expert SEO Backlinks from com Designed to Strengthen Domain Authority, Improve Search Visibility, and Generate Organic Traffic"
1,1,0.7,2026-07-23T17:44:24Z,"Strengthen tripprintables.com through contextual backlinks, premium guest posts, on-page SEO, local SEO, custom web development, SaaS tools plus automation tools for a healthier DR/DA/TF profile for any industry."
1,1,18.0,2026-08-12T04:45:04Z,Guest Posting Optimization for tripprintables.com – Maximize SEO Ranking Impact and Convert High Traffic into Loyal Customers via Expert Content
1,1,54.0,2026-07-23T21:20:20Z,"tripprintables.com: high-quality backlinks, guest posts, on-page and local SEO, custom web development, SaaS tools and automation tools, all driving compounding DR/DA/TF in any language."
1,1,0.7,2026-07-23T19:09:24Z,"Scale tripprintables.com with premium guest posts, high-quality backlinks, on-page SEO, local SEO, web development, SaaS tools and automation tools, earning DR/DA/TF that climbs steadily for every sector."
1,1,0.7,2026-07-23T21:48:33Z,"Take tripprintables.com to page one with backlinks and guest posts, on-page SEO, local SEO, custom web development, SaaS integrations and automation tools — DR/DA/TF that climbs steadily for any business size."
1,1,51.0,2026-07-22T22:12:26Z,"Thanks to Rank-Your.Site, tripprintables.com traffic increased by over 150% in just one month 🚀"
1,1,0.7,2026-07-24T12:43:29Z,"Everything tripprintables.com needs: premium guest posts, contextual backlinks, on-page and local SEO, conversion-focused web development, SaaS tools and automation tools — durable DR/DA/TF gains for new or established sites."
1,1,0.1,2026-07-24T22:03:01Z,Expert SEO for tripprintables.com – Boost Your Ranking and Dominate Search
1,1,29.0,2026-08-22T22:51:55Z,"Strengthen tripprintables.com through guest posts and backlinks, on-page SEO, local SEO, web development, SaaS integrations and automation tools for higher DR/DA/TF across the board with full transparency. Every delivery follows a structured plan for content relevance, link diversity, authority chec...[truncated]"
1,1,29.0,2026-07-23T03:22:39Z,"Grow tripprintables.com with premium guest posts, contextual backlinks, on-page and local SEO, conversion-focused web development, SaaS tools and automation tools — durable DR/DA/TF gains with full transparency. The plan remains focused on natural relevance, credible sources, balanced optimization, ...[truncated]"
1,1,0.7,2026-09-04T00:19:47Z,"Boost tripprintables.com using premium guest posts, high-quality backlinks, on-page SEO, local SEO, web development, SaaS tools and automation tools for rising DR/DA/TF scores built to last."
