# TripPrintables referring domains, oldest-first cohort | pull date 2026-09-15 | Ahrefs API v3 site-explorer-referring-domains | mode=subdomains | order_by=first_seen:asc | 100 rows | 600 units
# Purpose: a second, non-overlapping 100-row slice of the 304 live referring domains (the original TRIPPRINTABLES-BACKLINK-PROFILE.md sample used a different default sort). This slice is the earliest-arriving cohort, first_seen 2026-07-22 through 2026-07-24.
domain,domain_rating,first_seen,last_seen,is_spam,dofollow_links
linkspro.agency,49.0,2026-07-22T05:46:43Z,,true,0
rankio.agency,58.0,2026-07-22T07:27:50Z,2026-09-01T04:54:09Z,true,0
backlinkmasters.shop,29.0,2026-07-22T10:46:49Z,,true,0
rankgrowth.agency,66.0,2026-07-22T11:26:27Z,2026-09-01T04:54:42Z,true,0
linkly.agency,0.5,2026-07-22T11:48:26Z,,true,0
strategic-authority-link-and-link-velocity-hub.store,43.0,2026-07-22T12:02:10Z,2026-08-23T16:15:21Z,true,0
linkgrowthstudio.shop,29.0,2026-07-22T12:43:19Z,,true,0
seolinktoolkit.shop,29.0,2026-07-22T14:04:09Z,,false,0
searchrankbuilders.shop,29.0,2026-07-22T14:09:11Z,,true,0
seorankoo.site,0.1,2026-07-22T15:51:03Z,,true,0
rglinks.org,30.0,2026-07-22T20:24:04Z,,true,0
linkseoalliance.shop,29.0,2026-07-22T21:18:49Z,,true,0
rank-now.website,51.0,2026-07-22T22:12:26Z,,true,0
webrankinsights.shop,29.0,2026-07-22T23:15:29Z,,true,0
rank-top.click,59.0,2026-07-22T23:19:20Z,2026-09-02T23:25:26Z,true,0
domainrankteam.shop,29.0,2026-07-23T00:55:02Z,,false,0
searchrankgroup.shop,29.0,2026-07-23T01:08:29Z,,true,0
itxoft-results-focused-seo.site,63.0,2026-07-23T01:24:18Z,,true,0
high-quality-backlinks.site,26.0,2026-07-23T01:50:31Z,2026-09-08T19:40:58Z,true,0
linkseoservice.shop,29.0,2026-07-23T02:05:53Z,,true,0
organicrankdirect.shop,29.0,2026-07-23T03:22:30Z,,true,0
toprankacademy.shop,29.0,2026-07-23T03:22:39Z,,true,0
jameslinks.agency,24.0,2026-07-23T04:28:12Z,2026-08-22T04:30:00Z,true,0
itxoft-professional-seo-services.site,72.0,2026-07-23T05:01:54Z,,true,0
primebacklinks.shop,0.7,2026-07-23T05:04:23Z,,true,0
backlinkmart.shop,0.7,2026-07-23T05:12:26Z,,true,0
backlink-pro-click-through-and-link-building-depot.store,43.0,2026-07-23T07:45:14Z,,false,0
netranko.shop,6.0,2026-07-23T07:46:05Z,,true,0
siteranksolutions.shop,29.0,2026-07-23T08:29:53Z,,true,0
ranklinkx.shop,52.0,2026-07-23T08:41:26Z,,true,0
linkstock.shop,0.8,2026-07-23T09:12:15Z,2026-08-27T09:28:17Z,true,0
rankyour.website,74.0,2026-07-23T09:21:18Z,,true,0
linkbundle.shop,0.7,2026-07-23T10:01:00Z,,true,0
linkstockly.shop,0.7,2026-07-23T10:13:08Z,2026-09-01T03:55:02Z,true,0
linkgrowthinsights.shop,29.0,2026-07-23T10:24:41Z,,false,0
linkrankpro.shop,54.0,2026-07-23T11:13:26Z,2026-08-27T10:38:47Z,true,0
seooutlet.shop,0.7,2026-07-23T13:43:59Z,,true,0
linktrove.shop,0.7,2026-07-23T13:55:47Z,2026-08-27T14:58:18Z,true,0
rankchest.shop,0.7,2026-07-23T14:42:48Z,,true,0
authority-services-for-link-juice-and-contextual-link.store,43.0,2026-07-23T14:48:43Z,,true,0
seocrate.shop,0.7,2026-07-23T15:01:25Z,,true,0
seocartly.shop,0.7,2026-07-23T15:15:47Z,,true,0
rankxlinks.shop,54.0,2026-07-23T15:21:44Z,2026-09-01T04:09:33Z,true,0
linkpicks.shop,0.7,2026-07-23T15:34:59Z,2026-09-01T05:26:05Z,true,0
rankgrowthmarket.shop,29.0,2026-07-23T16:29:09Z,,true,0
linkchest.shop,0.7,2026-07-23T16:31:53Z,2026-08-27T16:08:16Z,true,0
seolinkkart.shop,0.7,2026-07-23T16:48:39Z,,true,0
rankwagon.shop,0.7,2026-07-23T17:20:10Z,,true,0
nexabacklinks.shop,0.7,2026-07-23T17:44:24Z,,true,0
seokart.shop,0.7,2026-07-23T17:46:17Z,,true,0
linkforgepro.shop,0.7,2026-07-23T17:52:32Z,2026-08-27T17:37:08Z,true,0
backlinkshop.shop,0.7,2026-07-23T17:56:02Z,,true,0
seobundle.shop,0.7,2026-07-23T18:27:31Z,2026-09-01T04:35:15Z,true,0
linkbooster.website,7.0,2026-07-23T18:30:38Z,,true,0
seopicks.shop,0.7,2026-07-23T18:47:12Z,2026-09-03T17:58:42Z,true,0
seoprime.shop,0.7,2026-07-23T18:50:16Z,,true,0
rankcart.shop,0.7,2026-07-23T19:09:24Z,,true,0
seostock.shop,0.7,2026-07-23T19:24:50Z,,true,0
seowarez.shop,0.7,2026-07-23T19:34:30Z,,true,0
seotrove.shop,0.7,2026-07-23T19:35:26Z,,true,0
pbnseolinks.shop,53.0,2026-07-23T19:38:41Z,2026-08-27T19:03:04Z,true,0
ranklinkpro.shop,52.0,2026-07-23T20:09:34Z,2026-09-01T03:09:48Z,true,0
seosupply.shop,0.7,2026-07-23T20:14:33Z,,true,0
seomart.shop,0.7,2026-07-23T20:57:24Z,,true,0
backlinkorbit.shop,0.7,2026-07-23T21:15:31Z,,true,0
seorankflow.shop,54.0,2026-07-23T21:20:20Z,,true,0
buyseobacklinks.shop,54.0,2026-07-23T21:22:02Z,2026-09-01T06:30:34Z,true,0
linkstash.shop,0.7,2026-07-23T21:22:07Z,2026-08-27T20:58:50Z,true,0
buybacklinks.agency,69.0,2026-07-23T21:26:50Z,,false,0
rankbazaar.shop,0.7,2026-07-23T21:48:33Z,,true,0
rankdepot.shop,0.7,2026-07-23T21:55:55Z,,true,0
rankoutlet.shop,0.7,2026-07-23T22:09:50Z,,true,0
rankstock.shop,0.7,2026-07-23T22:18:52Z,,true,0
rankgrowthgroup.shop,29.0,2026-07-23T22:27:49Z,,true,0
ranklinkerpro.shop,54.0,2026-07-23T22:46:13Z,,true,0
premiumseolinks.shop,52.0,2026-07-23T23:25:50Z,2026-08-27T23:11:54Z,true,0
linksnexa.shop,0.7,2026-07-23T23:51:44Z,,true,0
rankgrowthmasters.shop,29.0,2026-07-24T00:05:59Z,,true,0
rankdeals.shop,0.8,2026-07-24T00:11:12Z,,true,0
linkory.shop,0.7,2026-07-24T00:13:39Z,,true,0
domainrankresults.shop,29.0,2026-07-24T00:39:21Z,2026-09-04T01:05:14Z,true,0
rankloot.shop,0.7,2026-07-24T00:52:28Z,,true,0
rankfinds.shop,0.7,2026-07-24T01:01:10Z,,true,0
nexusnext.agency,0.8,2026-07-24T01:57:12Z,2026-09-04T01:29:04Z,true,0
toplinkranker.shop,52.0,2026-07-24T02:04:07Z,2026-08-28T02:27:19Z,true,0
rankgear.shop,0.7,2026-07-24T02:27:46Z,,true,0
seodaro.com,42.0,2026-07-24T02:52:04Z,,true,0
linkseopro.shop,52.0,2026-07-24T03:13:19Z,,true,0
linkrankboost.shop,52.0,2026-07-24T03:16:10Z,2026-09-04T02:58:26Z,true,0
serpcollective.shop,29.0,2026-07-24T03:32:54Z,,true,0
seolinkpro.shop,52.0,2026-07-24T03:41:01Z,,true,0
rankgoods.shop,0.7,2026-07-24T03:42:18Z,,true,0
linkwares.shop,0.8,2026-07-24T04:09:05Z,2026-08-24T07:09:00Z,true,0
seoloot.shop,0.7,2026-07-24T04:35:23Z,,true,0
ranktrove.shop,0.7,2026-07-24T05:43:25Z,,true,0
seogo.shop,0.7,2026-07-24T05:53:45Z,,false,0
rankseohub.shop,0.7,2026-07-24T05:54:13Z,,true,0
backlinkinsights.shop,29.0,2026-07-24T06:45:52Z,,true,0
seogear.shop,0.7,2026-07-24T06:54:51Z,,true,0
rankseocollective.shop,29.0,2026-07-24T07:32:50Z,2026-09-04T08:23:33Z,true,0
