# TripPrintables backlink profile: referring-domain sample | pulled 2026-09-14 | Ahrefs site-explorer-referring-domains (mode=subdomains), 100-row sample of 304 live referring domains (Lite plan API row cap; see docs/TRIPPRINTABLES-BACKLINK-PROFILE.md for full-population totals via site-explorer-backlinks-stats)
domain,domain_rating,first_seen,tld,matches_seo_vendor_keyword_pattern
rankgrowth.agency,66.0,2026-07-22T11:26:27Z,agency,yes
seonix.agency,65.0,2026-07-25T01:20:52Z,agency,yes
itxoft-proven-seo-strategies.site,61.0,2026-07-26T15:27:06Z,site,yes
backlinkshop.site,56.0,2026-08-03T08:23:03Z,site,yes
rankboostly.shop,54.0,2026-08-06T08:51:44Z,shop,yes
linkseopro.shop,52.0,2026-07-24T03:13:19Z,shop,yes
linkspro.agency,49.0,2026-07-22T05:46:43Z,agency,yes
exclusive-keyword-team-seoexpress.store,44.0,2026-08-03T17:13:52Z,store,yes
seoexpress.site,44.0,2026-08-08T22:43:47Z,site,yes
link-baron-optimal-organic-collective.store,44.0,2026-08-01T04:11:33Z,store,yes
theseorankinghigh.shop,44.0,2026-08-02T07:28:29Z,shop,yes
mysky-shop.shop,44.0,2026-08-01T00:18:35Z,shop,no
smart-marketing-seoexpress.store,43.0,2026-08-09T00:00:45Z,store,yes
outrank-hq-ultimate-ranking.store,43.0,2026-08-06T17:07:20Z,store,yes
rankinghighseo.shop,43.0,2026-08-03T02:01:25Z,shop,yes
outrank-hq-exclusive-crawl-engine.store,43.0,2026-08-05T00:47:02Z,store,yes
master-rank-forge-pbn-league.store,43.0,2026-08-08T15:09:20Z,store,yes
backlink-pro-click-through-and-link-building-depot.store,43.0,2026-07-23T07:45:14Z,store,yes
expert-agency-for-keyword-rank-and-backlink-pro.store,43.0,2026-08-08T04:25:13Z,store,yes
outrank-hq-anchor-text-center.store,43.0,2026-07-30T02:26:02Z,store,yes
advanced-seo-firm-seoexpress.store,43.0,2026-08-02T06:33:05Z,store,yes
certified-seoexpress-organic-services.store,43.0,2026-07-26T18:32:23Z,store,yes
click-through-link-equity-and-authority-link-services.store,43.0,2026-07-26T17:30:25Z,store,yes
high-domain-seoexpress-center.store,43.0,2026-08-02T07:29:22Z,store,yes
global-backlink-pro-and-click-through-systems.store,43.0,2026-07-31T04:17:42Z,store,yes
outrank-hq-dr-90-paramount-system.store,43.0,2026-08-02T21:12:49Z,store,yes
link-baron-pro-press-release.store,43.0,2026-07-28T22:20:08Z,store,yes
global-digital-seoexpress-portal.store,43.0,2026-08-02T14:29:13Z,store,yes
seoexpress-organic-partners.store,43.0,2026-07-30T03:51:04Z,store,yes
digital-pr-keyword-rank-and-crawl-budget-experts.store,43.0,2026-07-27T20:46:27Z,store,yes
supreme-solutions-for-link-building-and-search-rank.store,43.0,2026-07-26T20:39:03Z,store,yes
powerful-link-velocity-and-tier-one-exchange.store,43.0,2026-08-09T20:54:08Z,store,yes
elite-crawl-budget-and-link-velocity-marketplace.store,43.0,2026-08-02T00:30:46Z,store,yes
seoexpress-outreach-team.store,43.0,2026-08-08T16:34:36Z,store,yes
trusted-dofollow-team-seoexpress.store,43.0,2026-08-02T07:33:46Z,store,yes
ultimate-depot-for-search-rank-and-content-marketing.store,43.0,2026-08-06T12:28:30Z,store,yes
digital-pr-and-domain-rating-premium-experts.store,43.0,2026-08-02T11:43:45Z,store,no
official-on-page-link-baron-division.store,43.0,2026-08-02T06:08:12Z,store,yes
seoexpress-website-experts.store,43.0,2026-08-08T03:16:05Z,store,yes
dynamic-systems-for-serp-boost-and-contextual-link.store,43.0,2026-08-06T09:31:36Z,store,yes
leading-partners-for-domain-rating-and-do-follow.store,43.0,2026-08-09T19:11:51Z,store,no
seoexpress-content-experts.store,43.0,2026-08-01T11:53:35Z,store,yes
thehighseo.shop,43.0,2026-08-09T01:14:08Z,shop,yes
leading-hub-for-page-rank-and-contextual-link.store,43.0,2026-08-01T00:23:29Z,store,yes
editorial-link-link-building-and-organic-traffic-hub.store,42.0,2026-09-08T07:33:47Z,store,yes
seo-growth-optimization-hub.shop,32.0,2026-07-31T06:32:33Z,shop,yes
seopxl-performance-authority-engine.shop,32.0,2026-08-31T16:32:26Z,shop,yes
siterankservice.shop,29.0,2026-07-24T18:49:43Z,shop,yes
rankseomasters.shop,29.0,2026-08-21T22:42:10Z,shop,yes
pageseosystems.shop,29.0,2026-08-07T16:46:19Z,shop,yes
serpcollective.shop,29.0,2026-07-24T03:32:54Z,shop,no
rankgrowthmarket.shop,29.0,2026-07-23T16:29:09Z,shop,yes
pageseoresults.shop,29.0,2026-07-26T07:12:46Z,shop,yes
toprankservice.shop,29.0,2026-07-25T15:09:00Z,shop,yes
toprankacademy.shop,29.0,2026-07-23T03:22:39Z,shop,yes
siterankacademy.shop,29.0,2026-07-24T23:12:36Z,shop,yes
backlinkmasters.shop,29.0,2026-07-22T10:46:49Z,shop,yes
37486312.xyz,28.0,2026-09-14T21:19:57Z,xyz,no
37486125.xyz,28.0,2026-09-12T16:19:59Z,xyz,no
rankstudio.shop,21.0,2026-08-19T08:28:01Z,shop,yes
linkwares.shop,0.8,2026-07-24T04:09:05Z,shop,yes
linkpicks.shop,0.7,2026-07-23T15:34:59Z,shop,yes
linksnexa.shop,0.7,2026-07-23T23:51:44Z,shop,yes
seostash.shop,0.7,2026-07-24T12:43:29Z,shop,yes
rankbox.shop,0.7,2026-08-01T11:19:06Z,shop,yes
linkory.shop,0.7,2026-07-24T00:13:39Z,shop,yes
rankgear.shop,0.7,2026-07-24T02:27:46Z,shop,yes
rankcrate.shop,0.7,2026-08-21T03:33:10Z,shop,yes
rankseohub.shop,0.7,2026-07-24T05:54:13Z,shop,yes
seocrate.shop,0.7,2026-07-23T15:01:25Z,shop,yes
linkbarn.shop,0.7,2026-07-24T07:51:13Z,shop,yes
seostock.shop,0.7,2026-07-23T19:24:50Z,shop,yes
rankloot.shop,0.7,2026-07-24T00:52:28Z,shop,yes
rankbazaar.shop,0.7,2026-07-23T21:48:33Z,shop,yes
seobundle.shop,0.7,2026-07-23T18:27:31Z,shop,yes
seosupply.shop,0.7,2026-07-23T20:14:33Z,shop,yes
rankoutlet.shop,0.7,2026-07-23T22:09:50Z,shop,yes
seokart.shop,0.7,2026-07-23T17:46:17Z,shop,yes
linkly.agency,0.5,2026-07-22T11:48:26Z,agency,yes
searchrankinsights.shop,0.2,2026-08-07T19:28:43Z,shop,yes
seogrowthalliance.shop,0.2,2026-09-08T14:15:17Z,shop,yes
searchrankexperts.shop,0.2,2026-07-31T00:33:37Z,shop,yes
rankseoservice.shop,0.2,2026-08-08T22:33:02Z,shop,yes
toprankauthority.shop,0.2,2026-08-09T01:53:59Z,shop,yes
rankgrowthagency.shop,0.2,2026-07-29T12:00:35Z,shop,yes
searchranksolutions.shop,0.2,2026-07-28T15:13:39Z,shop,yes
siteranktoolkit.shop,0.2,2026-08-07T23:16:58Z,shop,yes
linkseoauthority.shop,0.2,2026-08-11T00:05:28Z,shop,yes
backlinkengine.shop,0.2,2026-08-12T23:52:54Z,shop,yes
rankseopartners.shop,0.2,2026-07-29T21:22:57Z,shop,yes
rankgrowthsolutions.shop,0.2,2026-08-08T01:35:57Z,shop,yes
organicrankservice.shop,0.2,2026-08-08T17:44:02Z,shop,yes
rankseoalliance.shop,0.2,2026-07-28T11:56:28Z,shop,yes
rankcollective.shop,0.2,2026-08-12T10:07:06Z,shop,yes
toprankalliance.shop,0.2,2026-08-08T17:35:00Z,shop,yes
linkgrowthcompany.shop,0.2,2026-08-08T03:56:22Z,shop,yes
seogrowthengine.shop,0.2,2026-08-09T17:04:30Z,shop,yes
domainrankagency.shop,0.2,2026-08-07T09:43:24Z,shop,yes
rankseotoolkit.shop,0.2,2026-08-14T13:41:17Z,shop,yes
siterankexpress.shop,0.2,2026-07-30T00:05:03Z,shop,yes
