# TripPrintables round-three: destination-specific packing-list seasonality | pulled 2026-09-14 | Ahrefs keywords-explorer-volume-history (12mo trailing, 2025-09 to 2026-09), US
# Data-integrity note: the first pass of these 11 pulls used parallel calls and mismatched keyword-to-result positionally (results did not return in invocation order). All 11 were re-pulled sequentially, one call at a time, and individually confirmed against the mismatched batch before being recorded here. Two terms were flagged wrong in the original mismatched batch and are corrected in this file: `fsy packing list` (not `safari packing list`) is the extreme spike; `iceland packing list` peaks in summer, not late winter; `florida packing list` peaks in spring (spring break), not the pattern originally attributed to it.
term,pattern_type,trough_months,peak_months,peak_volume,trough_volume,swing_ratio,build_deadline,note
study abroad packing list,bimodal - winter + secondary fall-departure bump,Oct,Jan (secondary Aug),1279,253,5.06x,live by October - ramp starts Nov ahead of Dec-Jan spring-semester departure searches,two distinct student cohorts (fall vs spring semester abroad); Jan is the larger of the two peaks
sleepover packing list,flat - effectively evergreen,Sep,Jun,488,288,1.69x,no seasonal urgency - buildable any time,mild early-summer camp-season lift only; not worth sequencing around
hawaii packing list,flat with mild spring/summer lift,Sep,Mar,1665,974,1.71x,no seasonal urgency - buildable any time,strong year-round baseline (974-1665); highest-volume term in this batch
packing list for hawaii,flat with mild spring/summer lift,Sep,May,648,387,1.67x,no seasonal urgency - buildable any time,same shape as the head term above; lower absolute volume
costa rica packing list,winter peak - tropical-getaway pattern,Sep,Jan,1161,445,2.61x,live by October - ramp starts Nov ahead of Dec-Jan peak,classic winter tropical-escape search pattern
japan packing list,spring peak - cherry blossom season,Sep,May (secondary Oct),1494,168,8.89x,live by January - ramp starts Feb ahead of Mar-May peak,choppy; secondary fall bump (Oct 1150) likely autumn-foliage travel; Sept trough may be a data outlier
iceland packing list,summer peak,Dec,Aug,1338,382,3.5x,live by March - ramp starts Apr-May ahead of Jun-Aug peak,corrects round-one's late-winter assumption; real pattern is a clean summer build
florida packing list,sharp spring-break peak,Sep,Mar,1181,131,9.02x,live by December - ramp starts Jan-Feb ahead of Mar peak,corrects round-one's mismatched pattern; classic spring-break search curve
safari packing list,flat - effectively evergreen,Apr,Nov,590,320,1.84x,no seasonal urgency - buildable any time,corrects round-one's mismatched "near-zero then massive spike" - that pattern belongs to fsy packing list not this term
italy packing list,mild upward drift - no sharp peak,Nov,Sep 2025 (data-start artifact; real in-year peak is May at 425),730,172,4.24x,no hard deadline - moderate priority - live by spring if targeting summer Italy trip planners,swing ratio is inflated by a single early data point; treat as evergreen-leaning with a soft May lean
fsy packing list,extreme narrow-window spike - fixed-date youth program,Nov,Jun,8116,5,1623.2x,live by February-March - Google needs indexing lead time before the fixed-date May ramp,LDS youth summer program with fixed June-July dates; near-zero volume (single digits to dozens) every month outside Apr-Aug; highest-swing term ever checked on this project, single-purpose page
